alexgshaw/fix-git:20260403	sha256:389b9c8247610c2c5be080b1ac00429007c2c69bf57f7f26c79f0f75ba2d5c74	sha256:f289cfc64ca86744415576f1ff3bb5b9a2f0e2b681c5333068342499be5e32a8
alexgshaw/kv-store-grpc:20251031	sha256:3399400800dcb207634daa42bc1b052e831e285cc9d221eea66c47bc0fc79791	sha256:82b851c013a9f5e9866ea065f152791f32fadf414b57f6c1a81e97f265ad7be3
alexgshaw/constraints-scheduling:20251031	sha256:567ce5a189f8d11ac461790876e934cc7af38391baf89a78f95f4dafc1fec3b0	sha256:649d5c39c9a6c382ef89b8306f3b8fd9e7ed6d7d7d4751e63b8a788c584d0ffd
alexgshaw/nginx-request-logging:20251031	sha256:693e64431a0dbf45952e8b91a298d54fd60247e501c6623fb8fa3ebc07fc3d3d	sha256:6c8cae41868f9c1cd32ca06de06984b393fafe1c314c81246c319d959e47110e
alexgshaw/openssl-selfsigned-cert:20251031	sha256:4c948a4e630af2435ae0a19108fc0814a946ac2fa29a512469e0fc77b38c8c12	sha256:4fb746de01d19a1e87c772ec4f55f7af9e8164719c46ae184204902550e43ce5
alexgshaw/overfull-hbox:20260403	sha256:7dca952bb6736194a736b5110945f48842eafa8551e24468f1dddeed0daee799	sha256:f1e22c3bfeeedf4d3cac9e5f2b9a8e872e613c5a5fff6457a0aed2e5178e5e18
alexgshaw/regex-log:20251031	sha256:90101b2e815323a8da20528a1439bebc407eb9761c9c68a3d557730856c878e9	sha256:af8daaa59717e450d48dc5b117ec0c053f8aa899111a270e0862cd57fec7676b
alexgshaw/break-filter-js-from-html:20251031	sha256:d7bfb45e47cf10d2e21dc520239215498f4eba9c1ab2d0cd7d647985dddb4fa8	sha256:da93a28756451255b7683664c8d57785228f0a9a88df755c5522653c47e1d2f4
alexgshaw/polyglot-c-py:20251031	sha256:0f1c3b7816d70cf5551573fd6aeef76893f2ae3000be2419997b6871b5d987ed	sha256:01cc66175fa5867c0c6949b7f5f2b0e7285c701bd0b3c1d46ef026c485f35357
alexgshaw/count-dataset-tokens:20251031	sha256:9c513c4ba342bd95be501f6f5eadd4806a2b18749c87c251615825100130232d	sha256:dc9fd9f420fb075eb9b1e5f13fe2c2c157704c326d0275e7af46f9350dee6dcd
