alexgshaw/fix-git:20260403	edgeforge-original/alexgshaw_fix-git_20260403@sha256:389b9c8247610c2c5be080b1ac00429007c2c69bf57f7f26c79f0f75ba2d5c74	sha256:389b9c8247610c2c5be080b1ac00429007c2c69bf57f7f26c79f0f75ba2d5c74
alexgshaw/kv-store-grpc:20251031	edgeforge-original/alexgshaw_kv-store-grpc_20251031@sha256:3399400800dcb207634daa42bc1b052e831e285cc9d221eea66c47bc0fc79791	sha256:3399400800dcb207634daa42bc1b052e831e285cc9d221eea66c47bc0fc79791
alexgshaw/constraints-scheduling:20251031	alexgshaw/constraints-scheduling@sha256:567ce5a189f8d11ac461790876e934cc7af38391baf89a78f95f4dafc1fec3b0	sha256:567ce5a189f8d11ac461790876e934cc7af38391baf89a78f95f4dafc1fec3b0
alexgshaw/break-filter-js-from-html:20251031	alexgshaw/break-filter-js-from-html@sha256:d7bfb45e47cf10d2e21dc520239215498f4eba9c1ab2d0cd7d647985dddb4fa8	sha256:d7bfb45e47cf10d2e21dc520239215498f4eba9c1ab2d0cd7d647985dddb4fa8
alexgshaw/nginx-request-logging:20251031	alexgshaw/nginx-request-logging@sha256:693e64431a0dbf45952e8b91a298d54fd60247e501c6623fb8fa3ebc07fc3d3d	sha256:693e64431a0dbf45952e8b91a298d54fd60247e501c6623fb8fa3ebc07fc3d3d
alexgshaw/openssl-selfsigned-cert:20251031	alexgshaw/openssl-selfsigned-cert@sha256:4c948a4e630af2435ae0a19108fc0814a946ac2fa29a512469e0fc77b38c8c12	sha256:4c948a4e630af2435ae0a19108fc0814a946ac2fa29a512469e0fc77b38c8c12
alexgshaw/polyglot-c-py:20251031	alexgshaw/polyglot-c-py@sha256:0f1c3b7816d70cf5551573fd6aeef76893f2ae3000be2419997b6871b5d987ed	sha256:0f1c3b7816d70cf5551573fd6aeef76893f2ae3000be2419997b6871b5d987ed
alexgshaw/count-dataset-tokens:20251031	alexgshaw/count-dataset-tokens@sha256:9c513c4ba342bd95be501f6f5eadd4806a2b18749c87c251615825100130232d	sha256:9c513c4ba342bd95be501f6f5eadd4806a2b18749c87c251615825100130232d
alexgshaw/dna-insert:20251031	alexgshaw/dna-insert@sha256:4dd8760694e355de85ecf03605cb487ccdb33322f6afad513d2920829baa33b2	sha256:4dd8760694e355de85ecf03605cb487ccdb33322f6afad513d2920829baa33b2
alexgshaw/multi-source-data-merger:20251031	alexgshaw/multi-source-data-merger@sha256:8b32782078ff7383a1b4e5d3cecca8ce287e30f50bb4c0e5db009a18064e666e	sha256:8b32782078ff7383a1b4e5d3cecca8ce287e30f50bb4c0e5db009a18064e666e
alexgshaw/sanitize-git-repo:20251031	alexgshaw/sanitize-git-repo@sha256:4b5234da5bb0d67f3b0bf8db40a2883c07a5219f62b64c2bf9ff1ac84cd0f672	sha256:4b5234da5bb0d67f3b0bf8db40a2883c07a5219f62b64c2bf9ff1ac84cd0f672
alexgshaw/filter-js-from-html:20251031	alexgshaw/filter-js-from-html@sha256:92acda0f124b988036a6f426ce0bc47fac19f5efe9fc5e6ea3ea52ccb075d0a4	sha256:92acda0f124b988036a6f426ce0bc47fac19f5efe9fc5e6ea3ea52ccb075d0a4
alexgshaw/build-cython-ext:20251031	alexgshaw/build-cython-ext@sha256:3612a38fadb89a96f74a1a951fb0b0af734198fd160571eeaba6401593234594	sha256:3612a38fadb89a96f74a1a951fb0b0af734198fd160571eeaba6401593234594
alexgshaw/gcode-to-text:20251031	alexgshaw/gcode-to-text@sha256:0979ef40c6a3e8c4e7ab5b6c2524c74625a84799e15cd45dd98dcf83b11efd4d	sha256:0979ef40c6a3e8c4e7ab5b6c2524c74625a84799e15cd45dd98dcf83b11efd4d
alexgshaw/largest-eigenval:20251031	alexgshaw/largest-eigenval@sha256:cb9e3e3b09d0783f3bbcfeec8d77bc32d3791204fb2be6650b19be4fbc082b2e	sha256:cb9e3e3b09d0783f3bbcfeec8d77bc32d3791204fb2be6650b19be4fbc082b2e
alexgshaw/mailman:20251031	alexgshaw/mailman@sha256:04fac73db7e2b4f49d43f09fbc2266a94d70131f07efa1393d370abc059f4094	sha256:04fac73db7e2b4f49d43f09fbc2266a94d70131f07efa1393d370abc059f4094
alexgshaw/pypi-server:20251031	alexgshaw/pypi-server@sha256:d18bb30f47c7dcaa3acdbc31ac7413c98eadca2ea16540bbd380f2f063b95276	sha256:d18bb30f47c7dcaa3acdbc31ac7413c98eadca2ea16540bbd380f2f063b95276
alexgshaw/sqlite-db-truncate:20251031	alexgshaw/sqlite-db-truncate@sha256:aabac93c93bd1f310e6a6fb893911d7735026ed18491c72133c9196a09092ca4	sha256:aabac93c93bd1f310e6a6fb893911d7735026ed18491c72133c9196a09092ca4
alexgshaw/log-summary-date-ranges:20251031	alexgshaw/log-summary-date-ranges@sha256:cbeb6ba905c2fec294f16cd5e16e3ea7f2e04d38ac2484d51a11de262aa7dc51	sha256:cbeb6ba905c2fec294f16cd5e16e3ea7f2e04d38ac2484d51a11de262aa7dc51
alexgshaw/build-pmars:20251031	alexgshaw/build-pmars@sha256:57a82706f7491e0b2d1ff7e927e97ae5339892dd09c47ac43290b4ba1f5abc6f	sha256:57a82706f7491e0b2d1ff7e927e97ae5339892dd09c47ac43290b4ba1f5abc6f
